clip_id,text_id,is_match,reviewer,reviewed_at
parking_lot_01,lot_1,1,Codex_visual_review_not_human,2026-09-30
parking_lot_01,lot_2,1,Codex_visual_review_not_human,2026-09-30
parking_lot_01,road_1,0,Codex_visual_review_not_human,2026-09-30
parking_lot_01,road_2,0,Codex_visual_review_not_human,2026-09-30
parking_lot_01,room_1,0,Codex_visual_review_not_human,2026-09-30
parking_lot_01,room_2,0,Codex_visual_review_not_human,2026-09-30
parking_lot_01,cycle_1,0,Codex_visual_review_not_human,2026-09-30
parking_lot_01,cycle_2,0,Codex_visual_review_not_human,2026-09-30
parking_lot_01,walk_1,0,Codex_visual_review_not_human,2026-09-30
parking_lot_01,walk_2,0,Codex_visual_review_not_human,2026-09-30
parking_lot_02,lot_1,1,Codex_visual_review_not_human,2026-09-30
parking_lot_02,lot_2,1,Codex_visual_review_not_human,2026-09-30
parking_lot_02,road_1,0,Codex_visual_review_not_human,2026-09-30
parking_lot_02,road_2,0,Codex_visual_review_not_human,2026-09-30
parking_lot_02,room_1,0,Codex_visual_review_not_human,2026-09-30
parking_lot_02,room_2,0,Codex_visual_review_not_human,2026-09-30
parking_lot_02,cycle_1,0,Codex_visual_review_not_human,2026-09-30
parking_lot_02,cycle_2,0,Codex_visual_review_not_human,2026-09-30
parking_lot_02,walk_1,0,Codex_visual_review_not_human,2026-09-30
parking_lot_02,walk_2,0,Codex_visual_review_not_human,2026-09-30
highway_traffic_01,lot_1,0,Codex_visual_review_not_human,2026-09-30
highway_traffic_01,lot_2,0,Codex_visual_review_not_human,2026-09-30
highway_traffic_01,road_1,1,Codex_visual_review_not_human,2026-09-30
highway_traffic_01,road_2,1,Codex_visual_review_not_human,2026-09-30
highway_traffic_01,room_1,0,Codex_visual_review_not_human,2026-09-30
highway_traffic_01,room_2,0,Codex_visual_review_not_human,2026-09-30
highway_traffic_01,cycle_1,0,Codex_visual_review_not_human,2026-09-30
highway_traffic_01,cycle_2,0,Codex_visual_review_not_human,2026-09-30
highway_traffic_01,walk_1,0,Codex_visual_review_not_human,2026-09-30
highway_traffic_01,walk_2,0,Codex_visual_review_not_human,2026-09-30
indoor_walk_01,lot_1,0,Codex_visual_review_not_human,2026-09-30
indoor_walk_01,lot_2,0,Codex_visual_review_not_human,2026-09-30
indoor_walk_01,road_1,0,Codex_visual_review_not_human,2026-09-30
indoor_walk_01,road_2,0,Codex_visual_review_not_human,2026-09-30
indoor_walk_01,room_1,1,Codex_visual_review_not_human,2026-09-30
indoor_walk_01,room_2,1,Codex_visual_review_not_human,2026-09-30
indoor_walk_01,cycle_1,0,Codex_visual_review_not_human,2026-09-30
indoor_walk_01,cycle_2,0,Codex_visual_review_not_human,2026-09-30
indoor_walk_01,walk_1,0,Codex_visual_review_not_human,2026-09-30
indoor_walk_01,walk_2,0,Codex_visual_review_not_human,2026-09-30
indoor_walk_02,lot_1,0,Codex_visual_review_not_human,2026-09-30
indoor_walk_02,lot_2,0,Codex_visual_review_not_human,2026-09-30
indoor_walk_02,road_1,0,Codex_visual_review_not_human,2026-09-30
indoor_walk_02,road_2,0,Codex_visual_review_not_human,2026-09-30
indoor_walk_02,room_1,1,Codex_visual_review_not_human,2026-09-30
indoor_walk_02,room_2,1,Codex_visual_review_not_human,2026-09-30
indoor_walk_02,cycle_1,0,Codex_visual_review_not_human,2026-09-30
indoor_walk_02,cycle_2,0,Codex_visual_review_not_human,2026-09-30
indoor_walk_02,walk_1,0,Codex_visual_review_not_human,2026-09-30
indoor_walk_02,walk_2,0,Codex_visual_review_not_human,2026-09-30
highway_stop_01,lot_1,0,Codex_visual_review_not_human,2026-09-30
highway_stop_01,lot_2,0,Codex_visual_review_not_human,2026-09-30
highway_stop_01,road_1,1,Codex_visual_review_not_human,2026-09-30
highway_stop_01,road_2,1,Codex_visual_review_not_human,2026-09-30
highway_stop_01,room_1,0,Codex_visual_review_not_human,2026-09-30
highway_stop_01,room_2,0,Codex_visual_review_not_human,2026-09-30
highway_stop_01,cycle_1,0,Codex_visual_review_not_human,2026-09-30
highway_stop_01,cycle_2,0,Codex_visual_review_not_human,2026-09-30
highway_stop_01,walk_1,0,Codex_visual_review_not_human,2026-09-30
highway_stop_01,walk_2,0,Codex_visual_review_not_human,2026-09-30
cycling_demo_01,lot_1,0,Codex_visual_review_not_human,2026-09-30
cycling_demo_01,lot_2,0,Codex_visual_review_not_human,2026-09-30
cycling_demo_01,road_1,0,Codex_visual_review_not_human,2026-09-30
cycling_demo_01,road_2,0,Codex_visual_review_not_human,2026-09-30
cycling_demo_01,room_1,0,Codex_visual_review_not_human,2026-09-30
cycling_demo_01,room_2,0,Codex_visual_review_not_human,2026-09-30
cycling_demo_01,cycle_1,1,Codex_visual_review_not_human,2026-09-30
cycling_demo_01,cycle_2,1,Codex_visual_review_not_human,2026-09-30
cycling_demo_01,walk_1,0,Codex_visual_review_not_human,2026-09-30
cycling_demo_01,walk_2,0,Codex_visual_review_not_human,2026-09-30
walking_demo_01,lot_1,0,Codex_visual_review_not_human,2026-09-30
walking_demo_01,lot_2,0,Codex_visual_review_not_human,2026-09-30
walking_demo_01,road_1,0,Codex_visual_review_not_human,2026-09-30
walking_demo_01,road_2,0,Codex_visual_review_not_human,2026-09-30
walking_demo_01,room_1,0,Codex_visual_review_not_human,2026-09-30
walking_demo_01,room_2,0,Codex_visual_review_not_human,2026-09-30
walking_demo_01,cycle_1,0,Codex_visual_review_not_human,2026-09-30
walking_demo_01,cycle_2,0,Codex_visual_review_not_human,2026-09-30
walking_demo_01,walk_1,1,Codex_visual_review_not_human,2026-09-30
walking_demo_01,walk_2,1,Codex_visual_review_not_human,2026-09-30
